{
  "transmission_alpha": {
    "timestamp": "2147-03-15T14:23:16",
    "signal_strength": [
      1,
      4,
      2
    ],
    "frequency": 923.4,
    "priority": "HIGH",
    "encryption_layer": "SUPERPOSITION_PROTOCOL",
    "source": "FIELD_OPERATIVE_PHOENIX"
  },
  "transmission_beta": {
    "timestamp": "2147-03-15T14:24:02",
    "signal_strength": [
      3,
      1,
      4
    ],
    "frequency": 1047.8,
    "priority": "MEDIUM",
    "encryption_layer": "SUPERPOSITION_PROTOCOL",
    "source": "FIELD_OPERATIVE_GHOST"
  },
  "transmission_gamma": {
    "timestamp": "2147-03-15T14:25:33",
    "signal_strength": [
      2,
      3,
      1
    ],
    "frequency": 1156.2,
    "priority": "HIGH",
    "encryption_layer": "SUPERPOSITION_PROTOCOL",
    "source": "SAFEHOUSE_DELTA"
  },
  "transmission_delta": {
    "timestamp": "2147-03-15T14:27:11",
    "signal_strength": [
      1,
      3,
      5
    ],
    "frequency": 892.7,
    "priority": "CRITICAL",
    "encryption_layer": "SUPERPOSITION_PROTOCOL",
    "source": "COMMAND_CENTER"
  },
  "transmission_epsilon": {
    "timestamp": "2147-03-15T14:28:45",
    "signal_strength": [
      1,
      1,
      1
    ],
    "frequency": 1203.5,
    "priority": "ULTRA_CRITICAL",
    "encryption_layer": "SUPERPOSITION_PROTOCOL",
    "source": "VANGUARD_PRIME"
  }
}